filename,width,height,class,xmin,ymin,xmax,ymax
0000.jpg,1280,720,scrapbucket,439,1,1233,372
0001.jpg,1280,720,scrapbucket,482,1,977,392
0002.jpg,1280,720,scrapbucket,534,242,743,444
0003.jpg,1280,720,scrapbucket,533,242,743,444
0004.jpg,1280,720,scrapbucket,534,247,748,444
0005.jpg,1280,720,scrapbucket,534,243,749,442
0006.jpg,1280,720,scrapbucket,539,243,750,442
0007.jpg,1280,720,scrapbucket,542,244,752,443
0008.jpg,1280,720,scrapbucket,539,242,750,443
0009.jpg,1280,720,scrapbucket,530,243,754,444
0011.jpg,1280,720,scrapbucket,538,241,755,443
0013.jpg,1280,720,scrapbucket,541,241,758,439
0015.jpg,1280,720,scrapbucket,539,241,758,439
0016.jpg,1280,720,scrapbucket,540,242,758,437
0018.jpg,1280,720,scrapbucket,548,242,758,439
0020.jpg,1280,720,scrapbucket,547,242,758,432
0021.jpg,1280,720,scrapbucket,554,242,759,436
0022.jpg,1280,720,scrapbucket,549,240,757,433
0023.jpg,1280,720,scrapbucket,491,2,949,397
0025.jpg,1280,720,scrapbucket,551,241,760,437
0026.jpg,1280,720,scrapbucket,552,240,758,437
0027.jpg,1280,720,scrapbucket,553,237,756,432
0028.jpg,1280,720,scrapbucket,549,240,755,433
0032.jpg,1280,720,scrapbucket,555,240,752,435
0033.jpg,1280,720,scrapbucket,550,239,753,432
0034.jpg,1280,720,scrapbucket,495,1,940,395
0035.jpg,1280,720,scrapbucket,539,247,752,432
0036.jpg,1280,720,scrapbucket,544,247,749,432
0037.jpg,1280,720,scrapbucket,541,244,748,432
0038.jpg,1280,720,scrapbucket,548,245,748,436
0039.jpg,1280,720,scrapbucket,548,247,747,435
0040.jpg,1280,720,scrapbucket,541,248,744,435
0041.jpg,1280,720,scrapbucket,543,245,745,435
0042.jpg,1280,720,scrapbucket,548,252,742,435
0043.jpg,1280,720,scrapbucket,546,249,743,433
0046.jpg,1280,720,scrapbucket,543,247,740,430
0047.jpg,1280,720,scrapbucket,542,248,740,433
0048.jpg,1280,720,scrapbucket,546,249,737,427
0049.jpg,1280,720,scrapbucket,547,256,738,427
0050.jpg,1280,720,scrapbucket,545,253,737,419
0052.jpg,1280,720,scrapbucket,551,252,734,432
0053.jpg,1280,720,scrapbucket,550,256,734,431
0054.jpg,1280,720,scrapbucket,548,252,734,432
0055.jpg,1280,720,scrapbucket,547,253,735,423
0056.jpg,1280,720,scrapbucket,495,2,923,395
0057.jpg,1280,720,scrapbucket,543,254,734,429
0058.jpg,1280,720,scrapbucket,546,256,737,427
0060.jpg,1280,720,scrapbucket,545,253,738,423
0061.jpg,1280,720,scrapbucket,546,254,738,422
0062.jpg,1280,720,scrapbucket,550,253,735,420
0063.jpg,1280,720,scrapbucket,553,252,741,417
0064.jpg,1280,720,scrapbucket,551,251,739,416
0065.jpg,1280,720,scrapbucket,548,252,738,415
0066.jpg,1280,720,scrapbucket,550,250,738,412
0067.jpg,1280,720,scrapbucket,494,2,919,398
0068.jpg,1280,720,scrapbucket,537,248,741,417
0069.jpg,1280,720,scrapbucket,533,256,741,417
0070.jpg,1280,720,scrapbucket,534,258,743,416
0071.jpg,1280,720,scrapbucket,533,261,740,419
0072.jpg,1280,720,scrapbucket,535,259,745,409
0073.jpg,1280,720,scrapbucket,543,252,740,414
0074.jpg,1280,720,scrapbucket,537,249,740,418
0077.jpg,1280,720,scrapbucket,533,249,746,418
0079.jpg,1280,720,scrapbucket,553,250,743,422
0080.jpg,1280,720,scrapbucket,548,250,742,422
0081.jpg,1280,720,scrapbucket,550,250,743,425
0082.jpg,1280,720,scrapbucket,547,247,745,434
0083.jpg,1280,720,scrapbucket,548,246,748,431
0084.jpg,1280,720,scrapbucket,548,247,745,432
0085.jpg,1280,720,scrapbucket,548,245,748,430
0086.jpg,1280,720,scrapbucket,547,244,748,431
0088.jpg,1280,720,scrapbucket,540,245,748,430
0089.jpg,1280,720,scrapbucket,501,9,904,397
0090.jpg,1280,720,scrapbucket,544,247,751,425
0091.jpg,1280,720,scrapbucket,545,247,750,425
0092.jpg,1280,720,scrapbucket,544,244,751,424
0094.jpg,1280,720,scrapbucket,551,241,751,424
0095.jpg,1280,720,scrapbucket,553,242,752,427
0096.jpg,1280,720,scrapbucket,550,244,752,425
0097.jpg,1280,720,scrapbucket,545,240,753,426
0098.jpg,1280,720,scrapbucket,552,240,753,427
0100.jpg,1280,720,scrapbucket,503,7,897,395
0101.jpg,1280,720,scrapbucket,557,240,751,427
0102.jpg,1280,720,scrapbucket,553,242,750,429
0103.jpg,1280,720,scrapbucket,553,238,748,432
0104.jpg,1280,720,scrapbucket,558,242,748,430
0105.jpg,1280,720,scrapbucket,553,242,749,434
0106.jpg,1280,720,scrapbucket,555,239,749,427
0107.jpg,1280,720,scrapbucket,558,242,746,434
0108.jpg,1280,720,scrapbucket,552,239,747,432
0110.jpg,1280,720,scrapbucket,557,240,743,430
0111.jpg,1280,720,scrapbucket,440,2,1202,372
0112.jpg,1280,720,scrapbucket,524,12,893,397
0114.jpg,1280,720,scrapbucket,557,243,744,429
0116.jpg,1280,720,scrapbucket,548,243,746,431
0118.jpg,1280,720,scrapbucket,551,242,743,432
0119.jpg,1280,720,scrapbucket,550,244,743,434
0120.jpg,1280,720,scrapbucket,551,241,743,431
0121.jpg,1280,720,scrapbucket,549,244,743,427
0122.jpg,1280,720,scrapbucket,549,242,740,429
0125.jpg,1280,720,scrapbucket,551,244,739,425
0126.jpg,1280,720,scrapbucket,545,243,739,429
0128.jpg,1280,720,scrapbucket,549,243,737,432
0129.jpg,1280,720,scrapbucket,549,244,740,432
0130.jpg,1280,720,scrapbucket,548,248,737,439
0131.jpg,1280,720,scrapbucket,556,251,733,434
0132.jpg,1280,720,scrapbucket,547,253,733,434
0133.jpg,1280,720,scrapbucket,552,247,731,432
0135.jpg,1280,720,scrapbucket,540,246,733,432
0136.jpg,1280,720,scrapbucket,543,244,734,435
0137.jpg,1280,720,scrapbucket,545,247,737,435
0139.jpg,1280,720,scrapbucket,540,243,735,437
0140.jpg,1280,720,scrapbucket,543,247,738,436
0141.jpg,1280,720,scrapbucket,545,242,737,437
0142.jpg,1280,720,scrapbucket,542,241,738,437
0143.jpg,1280,720,scrapbucket,537,242,737,439
0144.jpg,1280,720,scrapbucket,535,244,738,435
0145.jpg,1280,720,scrapbucket,514,38,869,400
0146.jpg,1280,720,scrapbucket,548,242,739,438
0147.jpg,1280,720,scrapbucket,547,244,738,438
0148.jpg,1280,720,scrapbucket,548,243,738,439
0149.jpg,1280,720,scrapbucket,549,243,738,440
0150.jpg,1280,720,scrapbucket,547,246,741,438
0151.jpg,1280,720,scrapbucket,556,247,738,434
0152.jpg,1280,720,scrapbucket,555,247,745,437
0153.jpg,1280,720,scrapbucket,552,247,744,437
0154.jpg,1280,720,scrapbucket,553,249,744,438
0155.jpg,1280,720,scrapbucket,546,245,743,438
0157.jpg,1280,720,scrapbucket,548,247,747,440
0158.jpg,1280,720,scrapbucket,550,247,743,433
0159.jpg,1280,720,scrapbucket,550,243,748,428
0162.jpg,1280,720,scrapbucket,558,247,747,430
0163.jpg,1280,720,scrapbucket,565,248,743,422
0167.jpg,1280,720,scrapbucket,518,58,857,402
0168.jpg,1280,720,scrapbucket,569,249,753,427
0169.jpg,1280,720,scrapbucket,570,250,750,426
0170.jpg,1280,720,scrapbucket,567,247,751,427
0171.jpg,1280,720,scrapbucket,562,252,743,432
0173.jpg,1280,720,scrapbucket,563,247,742,440
0176.jpg,1280,720,scrapbucket,566,250,729,435
0178.jpg,1280,720,scrapbucket,513,67,853,401
0179.jpg,1280,720,scrapbucket,565,251,738,448
0180.jpg,1280,720,scrapbucket,561,254,737,433
0181.jpg,1280,720,scrapbucket,555,257,739,440
0182.jpg,1280,720,scrapbucket,560,257,737,427
0183.jpg,1280,720,scrapbucket,565,263,733,422
0185.jpg,1280,720,scrapbucket,555,258,733,424
0186.jpg,1280,720,scrapbucket,558,256,731,421
0187.jpg,1280,720,scrapbucket,554,256,730,427
0188.jpg,1280,720,scrapbucket,554,256,729,425
0191.jpg,1280,720,scrapbucket,552,257,738,423
0192.jpg,1280,720,scrapbucket,546,257,738,418
0193.jpg,1280,720,scrapbucket,551,260,739,418
0194.jpg,1280,720,scrapbucket,553,262,730,436
0195.jpg,1280,720,scrapbucket,548,258,733,429
0196.jpg,1280,720,scrapbucket,545,260,734,419
0198.jpg,1280,720,scrapbucket,546,264,737,426
0199.jpg,1280,720,scrapbucket,544,258,740,414
0201.jpg,1280,720,scrapbucket,542,259,738,436
0202.jpg,1280,720,scrapbucket,547,267,737,434
0203.jpg,1280,720,scrapbucket,553,269,723,429
0207.jpg,1280,720,scrapbucket,547,260,738,470
0208.jpg,1280,720,scrapbucket,552,262,733,465
0209.jpg,1280,720,scrapbucket,555,264,729,446
0211.jpg,1280,720,scrapbucket,538,81,826,402
0212.jpg,1280,720,scrapbucket,553,267,727,451
0213.jpg,1280,720,scrapbucket,553,267,724,445
0214.jpg,1280,720,scrapbucket,559,267,725,448
0215.jpg,1280,720,scrapbucket,548,269,725,439
0217.jpg,1280,720,scrapbucket,551,268,722,429
0218.jpg,1280,720,scrapbucket,551,269,735,451
0219.jpg,1280,720,scrapbucket,552,268,734,445
0220.jpg,1280,720,scrapbucket,552,267,732,441
0223.jpg,1280,720,scrapbucket,514,96,839,404
0224.jpg,1280,720,scrapbucket,551,271,728,451
0225.jpg,1280,720,scrapbucket,559,272,729,452
0228.jpg,1280,720,scrapbucket,555,266,723,454
0229.jpg,1280,720,scrapbucket,557,272,728,458
0232.jpg,1280,720,scrapbucket,550,271,733,453
0233.jpg,1280,720,scrapbucket,552,270,734,446
0234.jpg,1280,720,scrapbucket,518,93,820,403
0237.jpg,1280,720,scrapbucket,550,275,731,457
0241.jpg,1280,720,scrapbucket,556,282,720,456
0243.jpg,1280,720,scrapbucket,558,278,726,456
0244.jpg,1280,720,scrapbucket,554,282,728,450
0245.jpg,1280,720,scrapbucket,519,104,816,404
0246.jpg,1280,720,scrapbucket,550,275,727,466
0247.jpg,1280,720,scrapbucket,553,275,722,460
0248.jpg,1280,720,scrapbucket,552,276,731,457
0249.jpg,1280,720,scrapbucket,554,278,731,464
0250.jpg,1280,720,scrapbucket,558,281,727,456
0251.jpg,1280,720,scrapbucket,555,278,727,460
0252.jpg,1280,720,scrapbucket,551,277,716,463
0253.jpg,1280,720,scrapbucket,552,278,723,459
0254.jpg,1280,720,scrapbucket,552,287,724,459
0255.jpg,1280,720,scrapbucket,550,283,724,462
0256.jpg,1280,720,scrapbucket,529,105,819,401
0257.jpg,1280,720,scrapbucket,544,283,729,462
0258.jpg,1280,720,scrapbucket,547,283,724,465
0259.jpg,1280,720,scrapbucket,544,282,720,463
0260.jpg,1280,720,scrapbucket,550,278,721,460
0262.jpg,1280,720,scrapbucket,550,283,724,461
0263.jpg,1280,720,scrapbucket,552,282,724,462
0264.jpg,1280,720,scrapbucket,550,284,720,462
0265.jpg,1280,720,scrapbucket,549,282,717,463
0266.jpg,1280,720,scrapbucket,550,282,726,460
0267.jpg,1280,720,scrapbucket,522,110,821,403
0269.jpg,1280,720,scrapbucket,545,282,729,462
0270.jpg,1280,720,scrapbucket,553,282,726,465
0272.jpg,1280,720,scrapbucket,548,280,726,465
0273.jpg,1280,720,scrapbucket,551,283,726,464
0274.jpg,1280,720,scrapbucket,549,285,724,462
0275.jpg,1280,720,scrapbucket,550,280,719,462
0276.jpg,1280,720,scrapbucket,551,281,722,464
0277.jpg,1280,720,scrapbucket,555,279,720,467
0280.jpg,1280,720,scrapbucket,546,278,725,467
0281.jpg,1280,720,scrapbucket,550,280,726,464
0283.jpg,1280,720,scrapbucket,556,282,726,464
0284.jpg,1280,720,scrapbucket,550,277,725,462
0286.jpg,1280,720,scrapbucket,559,277,730,460
0288.jpg,1280,720,scrapbucket,550,276,733,461
0289.jpg,1280,720,scrapbucket,534,126,806,404
0290.jpg,1280,720,scrapbucket,556,275,734,464
0291.jpg,1280,720,scrapbucket,556,274,733,456
0292.jpg,1280,720,scrapbucket,557,275,732,460
0293.jpg,1280,720,scrapbucket,562,278,731,457
0295.jpg,1280,720,scrapbucket,562,279,729,456
0296.jpg,1280,720,scrapbucket,565,277,724,459
0297.jpg,1280,720,scrapbucket,564,275,724,451
0298.jpg,1280,720,scrapbucket,562,278,729,445
0301.jpg,1280,720,scrapbucket,561,273,729,451
0302.jpg,1280,720,scrapbucket,566,281,733,440
0303.jpg,1280,720,scrapbucket,566,279,734,433
0304.jpg,1280,720,scrapbucket,563,272,736,443
0305.jpg,1280,720,scrapbucket,566,276,739,446
0306.jpg,1280,720,scrapbucket,571,274,736,444
0307.jpg,1280,720,scrapbucket,569,272,737,440
0308.jpg,1280,720,scrapbucket,565,272,737,439
0309.jpg,1280,720,scrapbucket,566,272,737,441
0312.jpg,1280,720,scrapbucket,563,272,736,441
0313.jpg,1280,720,scrapbucket,563,281,738,447
0314.jpg,1280,720,scrapbucket,565,272,737,446
0315.jpg,1280,720,scrapbucket,566,272,736,446
0317.jpg,1280,720,scrapbucket,568,277,739,442
0318.jpg,1280,720,scrapbucket,568,272,735,445
0319.jpg,1280,720,scrapbucket,572,266,740,444
0320.jpg,1280,720,scrapbucket,572,267,740,439
0321.jpg,1280,720,scrapbucket,571,267,742,436
0322.jpg,1280,720,scrapbucket,531,137,792,407
0323.jpg,1280,720,scrapbucket,562,264,740,441
0324.jpg,1280,720,scrapbucket,567,267,740,442
0326.jpg,1280,720,scrapbucket,570,268,741,446
0327.jpg,1280,720,scrapbucket,579,268,738,436
0328.jpg,1280,720,scrapbucket,581,272,737,440
0330.jpg,1280,720,scrapbucket,571,267,740,435
0331.jpg,1280,720,scrapbucket,578,276,739,427
0333.jpg,1280,720,scrapbucket,439,2,1174,374
0334.jpg,1280,720,scrapbucket,531,142,790,408
0335.jpg,1280,720,scrapbucket,565,263,737,429
0336.jpg,1280,720,scrapbucket,567,261,742,436
0337.jpg,1280,720,scrapbucket,567,267,742,431
0338.jpg,1280,720,scrapbucket,570,265,744,431
0339.jpg,1280,720,scrapbucket,566,263,744,429
0340.jpg,1280,720,scrapbucket,563,262,740,432
0341.jpg,1280,720,scrapbucket,563,265,746,433
0344.jpg,1280,720,scrapbucket,557,262,742,429
0345.jpg,1280,720,scrapbucket,542,144,794,406
0346.jpg,1280,720,scrapbucket,558,261,743,432
0347.jpg,1280,720,scrapbucket,560,259,741,437
0348.jpg,1280,720,scrapbucket,568,257,740,430
0349.jpg,1280,720,scrapbucket,561,259,741,426
0352.jpg,1280,720,scrapbucket,561,257,740,430
0353.jpg,1280,720,scrapbucket,562,257,737,438
0354.jpg,1280,720,scrapbucket,557,256,743,430
0355.jpg,1280,720,scrapbucket,554,254,739,430
0357.jpg,1280,720,scrapbucket,550,252,741,447
0358.jpg,1280,720,scrapbucket,556,258,735,449
0359.jpg,1280,720,scrapbucket,554,259,738,446
0361.jpg,1280,720,scrapbucket,558,254,737,447
0362.jpg,1280,720,scrapbucket,557,253,740,447
0363.jpg,1280,720,scrapbucket,558,251,739,447
0364.jpg,1280,720,scrapbucket,556,251,741,446
0365.jpg,1280,720,scrapbucket,555,252,741,445
0367.jpg,1280,720,scrapbucket,535,149,789,407
0368.jpg,1280,720,scrapbucket,549,242,743,446
0370.jpg,1280,720,scrapbucket,549,238,746,446
0371.jpg,1280,720,scrapbucket,547,234,746,446
0372.jpg,1280,720,scrapbucket,549,235,753,447
0373.jpg,1280,720,scrapbucket,549,236,750,445
0375.jpg,1280,720,scrapbucket,554,235,752,445
0376.jpg,1280,720,scrapbucket,555,228,754,443
0377.jpg,1280,720,scrapbucket,550,233,752,441
0378.jpg,1280,720,scrapbucket,542,157,778,409
0379.jpg,1280,720,scrapbucket,555,222,755,441
0380.jpg,1280,720,scrapbucket,555,224,761,445
0381.jpg,1280,720,scrapbucket,555,217,761,441
0383.jpg,1280,720,scrapbucket,559,211,765,435
0384.jpg,1280,720,scrapbucket,555,209,770,440
0386.jpg,1280,720,scrapbucket,558,199,775,434
0387.jpg,1280,720,scrapbucket,551,196,776,433
0388.jpg,1280,720,scrapbucket,556,193,780,430
0389.jpg,1280,720,scrapbucket,535,156,778,407
0394.jpg,1280,720,scrapbucket,555,171,798,426
0395.jpg,1280,720,scrapbucket,561,165,798,426
0397.jpg,1280,720,scrapbucket,567,161,805,425
0398.jpg,1280,720,scrapbucket,561,158,811,426
0400.jpg,1280,720,scrapbucket,556,165,771,407
0401.jpg,1280,720,scrapbucket,561,147,813,424
0402.jpg,1280,720,scrapbucket,561,141,819,427
0404.jpg,1280,720,scrapbucket,552,133,824,424
0405.jpg,1280,720,scrapbucket,550,121,824,423
0406.jpg,1280,720,scrapbucket,555,118,828,424
0408.jpg,1280,720,scrapbucket,544,104,835,423
0409.jpg,1280,720,scrapbucket,554,102,836,416
0410.jpg,1280,720,scrapbucket,555,94,841,420
0413.jpg,1280,720,scrapbucket,549,81,848,417
0414.jpg,1280,720,scrapbucket,548,72,850,413
0416.jpg,1280,720,scrapbucket,545,62,857,413
0417.jpg,1280,720,scrapbucket,547,53,863,411
0418.jpg,1280,720,scrapbucket,548,49,868,409
0419.jpg,1280,720,scrapbucket,550,35,866,406
0420.jpg,1280,720,scrapbucket,547,25,871,402
0421.jpg,1280,720,scrapbucket,549,20,881,408
0422.jpg,1280,720,scrapbucket,555,162,771,409
0423.jpg,1280,720,scrapbucket,544,10,883,403
0424.jpg,1280,720,scrapbucket,540,7,889,404
0425.jpg,1280,720,scrapbucket,546,2,895,399
0426.jpg,1280,720,scrapbucket,540,4,902,399
0427.jpg,1280,720,scrapbucket,540,3,911,395
0428.jpg,1280,720,scrapbucket,542,3,917,392
0429.jpg,1280,720,scrapbucket,537,3,929,394
0430.jpg,1280,720,scrapbucket,535,1,936,396
0432.jpg,1280,720,scrapbucket,534,4,953,390
0433.jpg,1280,720,scrapbucket,550,171,768,411
0434.jpg,1280,720,scrapbucket,534,2,959,391
0435.jpg,1280,720,scrapbucket,532,2,986,390
0436.jpg,1280,720,scrapbucket,534,2,995,384
0437.jpg,1280,720,scrapbucket,535,2,987,386
0439.jpg,1280,720,scrapbucket,534,1,1001,383
0440.jpg,1280,720,scrapbucket,535,1,1007,382
0441.jpg,1280,720,scrapbucket,532,2,1018,377
0442.jpg,1280,720,scrapbucket,534,1,1024,380
0444.jpg,1280,720,scrapbucket,438,2,1150,378
0445.jpg,1280,720,scrapbucket,541,173,771,410
0447.jpg,1280,720,scrapbucket,482,3,1066,371
0448.jpg,1280,720,scrapbucket,490,2,1077,367
0449.jpg,1280,720,scrapbucket,466,2,1092,364
0450.jpg,1280,720,scrapbucket,459,1,1102,362
0451.jpg,1280,720,scrapbucket,459,1,1123,359
0453.jpg,1280,720,scrapbucket,458,1,1161,351
0454.jpg,1280,720,scrapbucket,462,2,1183,349
0455.jpg,1280,720,scrapbucket,466,2,1197,346
0456.jpg,1280,720,scrapbucket,548,176,763,410
0457.jpg,1280,720,scrapbucket,466,1,1213,344
0458.jpg,1280,720,scrapbucket,470,1,1244,339
0459.jpg,1280,720,scrapbucket,469,2,1272,339
0460.jpg,1280,720,scrapbucket,473,1,1280,337
0461.jpg,1280,720,scrapbucket,473,3,1279,335
0462.jpg,1280,720,scrapbucket,473,1,1280,328
0463.jpg,1280,720,scrapbucket,478,2,1280,327
0464.jpg,1280,720,scrapbucket,478,1,1280,325
0465.jpg,1280,720,scrapbucket,482,1,1280,325
0466.jpg,1280,720,scrapbucket,482,1,1280,323
0467.jpg,1280,720,scrapbucket,539,178,766,409
0468.jpg,1280,720,scrapbucket,482,2,1280,317
0469.jpg,1280,720,scrapbucket,482,1,1280,314
0470.jpg,1280,720,scrapbucket,505,3,1280,307
0471.jpg,1280,720,scrapbucket,507,1,1279,302
0474.jpg,1280,720,scrapbucket,491,1,1280,282
0475.jpg,1280,720,scrapbucket,485,2,1280,277
0477.jpg,1280,720,scrapbucket,492,1,1280,253
0478.jpg,1280,720,scrapbucket,553,180,766,410
0481.jpg,1280,720,scrapbucket,508,1,1280,224
0482.jpg,1280,720,scrapbucket,525,2,1280,209
0483.jpg,1280,720,scrapbucket,550,1,1280,192
0484.jpg,1280,720,scrapbucket,596,1,1280,175
0485.jpg,1280,720,scrapbucket,699,1,1279,155
0488.jpg,1280,720,scrapbucket,556,191,755,405
0489.jpg,1280,720,scrapbucket,552,188,757,402
0490.jpg,1280,720,scrapbucket,553,190,757,404
0491.jpg,1280,720,scrapbucket,558,193,753,410
0492.jpg,1280,720,scrapbucket,438,6,1124,378
0493.jpg,1280,720,scrapbucket,553,193,752,405
0495.jpg,1280,720,scrapbucket,553,193,754,407
0496.jpg,1280,720,scrapbucket,559,198,748,409
0498.jpg,1280,720,scrapbucket,555,195,745,408
0499.jpg,1280,720,scrapbucket,556,199,748,410
0501.jpg,1280,720,scrapbucket,562,201,748,413
0502.jpg,1280,720,scrapbucket,560,204,745,413
0504.jpg,1280,720,scrapbucket,553,203,747,411
0505.jpg,1280,720,scrapbucket,556,207,743,411
0506.jpg,1280,720,scrapbucket,560,208,748,406
0507.jpg,1280,720,scrapbucket,565,210,744,404
0508.jpg,1280,720,scrapbucket,556,209,743,402
0509.jpg,1280,720,scrapbucket,563,214,743,401
0510.jpg,1280,720,scrapbucket,561,216,743,400
0512.jpg,1280,720,scrapbucket,557,218,742,414
0513.jpg,1280,720,scrapbucket,560,219,740,403
0517.jpg,1280,720,scrapbucket,555,220,745,406
0518.jpg,1280,720,scrapbucket,559,218,736,402
0519.jpg,1280,720,scrapbucket,562,224,735,412
0522.jpg,1280,720,scrapbucket,560,227,742,390
0524.jpg,1280,720,scrapbucket,559,236,745,374
0525.jpg,1280,720,scrapbucket,440,3,1256,370
0527.jpg,1280,720,scrapbucket,571,229,724,395
0528.jpg,1280,720,scrapbucket,575,236,729,403
0529.jpg,1280,720,scrapbucket,582,245,728,388
0531.jpg,1280,720,scrapbucket,574,239,726,412
0532.jpg,1280,720,scrapbucket,576,242,725,396
0533.jpg,1280,720,scrapbucket,571,241,728,406
0534.jpg,1280,720,scrapbucket,563,238,730,418
0535.jpg,1280,720,scrapbucket,576,234,716,399
0536.jpg,1280,720,scrapbucket,562,211,719,401
0539.jpg,1280,720,scrapbucket,557,243,741,444
0540.jpg,1280,720,scrapbucket,552,248,744,443
0541.jpg,1280,720,scrapbucket,548,242,737,446
0542.jpg,1280,720,scrapbucket,548,248,739,446
0544.jpg,1280,720,scrapbucket,552,251,741,446
0545.jpg,1280,720,scrapbucket,542,256,736,447
0546.jpg,1280,720,scrapbucket,546,256,740,446
0548.jpg,1280,720,scrapbucket,459,2,1084,381
0554.jpg,1280,720,scrapbucket,558,237,739,409
0555.jpg,1280,720,scrapbucket,566,234,721,414
0556.jpg,1280,720,scrapbucket,559,241,723,408
0557.jpg,1280,720,scrapbucket,560,219,734,410
0558.jpg,1280,720,scrapbucket,550,213,737,408
0560.jpg,1280,720,scrapbucket,571,249,722,399
0561.jpg,1280,720,scrapbucket,569,251,712,397
0562.jpg,1280,720,scrapbucket,568,244,733,409
0563.jpg,1280,720,scrapbucket,566,246,729,392
0564.jpg,1280,720,scrapbucket,550,254,719,409
0567.jpg,1280,720,scrapbucket,542,256,734,438
0568.jpg,1280,720,scrapbucket,539,257,725,428
0570.jpg,1280,720,scrapbucket,469,4,1052,391
0571.jpg,1280,720,scrapbucket,544,254,723,441
0572.jpg,1280,720,scrapbucket,548,250,734,436
0573.jpg,1280,720,scrapbucket,546,253,741,437
0574.jpg,1280,720,scrapbucket,543,251,734,436
0575.jpg,1280,720,scrapbucket,545,257,741,435
0576.jpg,1280,720,scrapbucket,550,258,740,441
0577.jpg,1280,720,scrapbucket,546,254,745,440
0578.jpg,1280,720,scrapbucket,545,254,740,436
0580.jpg,1280,720,scrapbucket,551,253,741,425
0581.jpg,1280,720,scrapbucket,467,4,1034,384
0582.jpg,1280,720,scrapbucket,540,255,735,449
0584.jpg,1280,720,scrapbucket,528,262,736,444
0585.jpg,1280,720,scrapbucket,522,262,736,446
0586.jpg,1280,720,scrapbucket,527,258,737,444
0587.jpg,1280,720,scrapbucket,525,262,734,446
0588.jpg,1280,720,scrapbucket,534,262,734,449
0590.jpg,1280,720,scrapbucket,529,268,736,449
0591.jpg,1280,720,scrapbucket,489,4,992,391
0592.jpg,1280,720,scrapbucket,524,4,1001,389
0593.jpg,1280,720,scrapbucket,529,267,735,451
0594.jpg,1280,720,scrapbucket,540,266,734,449
0595.jpg,1280,720,scrapbucket,535,267,737,455
0596.jpg,1280,720,scrapbucket,535,265,738,450
0600.jpg,1280,720,scrapbucket,550,267,737,440
0601.jpg,1280,720,scrapbucket,545,271,745,455
0602.jpg,1280,720,scrapbucket,548,267,733,457
0603.jpg,1280,720,scrapbucket,534,2,982,386
